epoch,time,train/box_loss,train/cls_loss,train/dfl_loss,metrics/precision(B),metrics/recall(B),metrics/mAP50(B),metrics/mAP50-95(B),val/box_loss,val/cls_loss,val/dfl_loss,lr/pg0,lr/pg1,lr/pg2
1,8.98114,0.74718,1.86116,0.93741,1,0.3876,0.99466,0.90851,0.41903,2.77662,0.78968,0.000469982,0.000469982,0.000469982
2,14.4128,0.53937,0.85711,0.86344,0.99325,0.99742,0.99497,0.93205,0.35978,0.96005,0.78296,0.000936947,0.000936947,0.000936947
3,19.9566,0.5413,0.7315,0.86294,0.99896,1,0.995,0.94399,0.34868,0.66103,0.78535,0.00139448,0.00139448,0.00139448
4,25.4113,0.5062,0.62673,0.85756,0.99913,1,0.995,0.93702,0.36438,0.57407,0.78967,0.00138656,0.00138656,0.00138656
5,30.8316,0.46492,0.54577,0.85071,0.9991,1,0.995,0.947,0.32391,0.47142,0.7815,0.00137241,0.00137241,0.00137241
6,36.2665,0.4586,0.47839,0.85165,0.99809,1,0.995,0.95519,0.31484,0.39526,0.77813,0.00135826,0.00135826,0.00135826
7,41.7319,0.44938,0.44324,0.84482,0.99864,1,0.995,0.95103,0.30285,0.3761,0.77728,0.00134412,0.00134412,0.00134412
8,47.1675,0.42064,0.4019,0.83764,0.99903,1,0.995,0.95899,0.28961,0.31565,0.77609,0.00132997,0.00132997,0.00132997
9,52.6075,0.4058,0.37916,0.83843,0.99908,1,0.995,0.95656,0.29843,0.3108,0.77634,0.00131582,0.00131582,0.00131582
10,58.0673,0.40216,0.36653,0.83088,0.99883,1,0.995,0.96281,0.27292,0.27863,0.77316,0.00130168,0.00130168,0.00130168
11,63.621,0.39992,0.34756,0.83485,0.99921,1,0.995,0.97037,0.24473,0.25488,0.77022,0.00128753,0.00128753,0.00128753
12,70.1101,0.38572,0.33725,0.83046,0.99934,1,0.995,0.96932,0.25301,0.25995,0.77203,0.00127338,0.00127338,0.00127338
13,76.8663,0.37584,0.32448,0.82474,0.99842,1,0.995,0.98025,0.24074,0.23619,0.76947,0.00125923,0.00125923,0.00125923
14,83.237,0.37451,0.3116,0.82191,0.99619,1,0.995,0.98252,0.2373,0.23433,0.76837,0.00124509,0.00124509,0.00124509
15,90.0175,0.36186,0.30777,0.82651,0.99834,1,0.995,0.97231,0.2434,0.23828,0.76917,0.00123094,0.00123094,0.00123094
16,96.1808,0.36393,0.30316,0.82819,0.99919,1,0.995,0.97998,0.22896,0.22282,0.76721,0.00121679,0.00121679,0.00121679
17,102.272,0.36285,0.30014,0.83268,0.99915,1,0.995,0.97786,0.24173,0.22201,0.76765,0.00120265,0.00120265,0.00120265
18,108.869,0.35976,0.29328,0.82975,0.99923,1,0.995,0.97647,0.24192,0.21271,0.7668,0.0011885,0.0011885,0.0011885
19,114.752,0.35501,0.29024,0.8268,0.99908,1,0.995,0.98055,0.21091,0.20107,0.76655,0.00117435,0.00117435,0.00117435
20,120.71,0.34305,0.28108,0.82118,0.99892,1,0.995,0.97001,0.24241,0.28689,0.76893,0.00116021,0.00116021,0.00116021
21,127.082,0.33778,0.27824,0.82185,0.99926,1,0.995,0.98289,0.2113,0.20473,0.76389,0.00114606,0.00114606,0.00114606
22,133.576,0.34113,0.27648,0.81991,0.99903,1,0.995,0.9866,0.22216,0.19996,0.76511,0.00113191,0.00113191,0.00113191
23,139.79,0.34808,0.27697,0.82345,0.99898,1,0.995,0.97617,0.21932,0.2002,0.76543,0.00111776,0.00111776,0.00111776
24,145.386,0.35142,0.27885,0.8242,0.9992,1,0.995,0.97875,0.23631,0.19672,0.76581,0.00110362,0.00110362,0.00110362
25,151.215,0.3488,0.27814,0.82211,0.99918,1,0.995,0.9844,0.22099,0.19615,0.76564,0.00108947,0.00108947,0.00108947
26,157.337,0.33583,0.26736,0.82496,0.99916,1,0.995,0.98653,0.2094,0.19348,0.76426,0.00107532,0.00107532,0.00107532
27,162.913,0.32706,0.26031,0.81725,0.99924,1,0.995,0.98771,0.21022,0.18465,0.76407,0.00106118,0.00106118,0.00106118
28,169.221,0.33028,0.26134,0.81863,0.99922,1,0.995,0.98691,0.20515,0.18305,0.76409,0.00104703,0.00104703,0.00104703
29,175.561,0.31545,0.2504,0.82184,0.99913,1,0.995,0.9857,0.20382,0.1761,0.76213,0.00103288,0.00103288,0.00103288
30,182.117,0.31775,0.25311,0.81646,0.9992,1,0.995,0.98742,0.20331,0.17519,0.76284,0.00101873,0.00101873,0.00101873
31,188.348,0.31821,0.25443,0.81884,0.99932,1,0.995,0.98886,0.20361,0.17795,0.76248,0.00100459,0.00100459,0.00100459
32,194.189,0.31832,0.25287,0.81374,0.99934,1,0.995,0.98477,0.19596,0.17169,0.76127,0.00099044,0.00099044,0.00099044
33,200.25,0.30886,0.24559,0.81852,0.99923,1,0.995,0.98721,0.20116,0.17312,0.76171,0.000976293,0.000976293,0.000976293
34,206.033,0.31176,0.2442,0.81989,0.99928,1,0.995,0.98787,0.20189,0.17493,0.76111,0.000962146,0.000962146,0.000962146
35,212.007,0.30724,0.24291,0.81495,0.99937,1,0.995,0.98497,0.20021,0.16924,0.76194,0.000947999,0.000947999,0.000947999
36,218.18,0.31433,0.24779,0.82553,0.99917,1,0.995,0.98863,0.19697,0.16889,0.76268,0.000933851,0.000933851,0.000933851
37,224.193,0.31484,0.24756,0.81836,0.99921,1,0.995,0.98642,0.19793,0.16961,0.76274,0.000919704,0.000919704,0.000919704
38,230.296,0.29779,0.23986,0.81266,0.99917,1,0.995,0.99024,0.1987,0.16746,0.76242,0.000905557,0.000905557,0.000905557
39,236.294,0.30734,0.23857,0.81571,0.99928,1,0.995,0.98932,0.19371,0.1656,0.76069,0.00089141,0.00089141,0.00089141
40,242.459,0.30328,0.23418,0.81541,0.99935,1,0.995,0.98949,0.19205,0.16626,0.76123,0.000877263,0.000877263,0.000877263
41,248.697,0.30283,0.23419,0.82444,0.99937,1,0.995,0.99109,0.1974,0.16572,0.76228,0.000863116,0.000863116,0.000863116
42,254.955,0.30613,0.23234,0.81348,0.99934,1,0.995,0.98901,0.19875,0.16138,0.76179,0.000848969,0.000848969,0.000848969
43,261.501,0.29404,0.22798,0.81381,0.99931,1,0.995,0.98857,0.18734,0.16019,0.76123,0.000834822,0.000834822,0.000834822
44,267.953,0.29285,0.22863,0.81656,0.99931,1,0.995,0.98858,0.1919,0.16078,0.76087,0.000820675,0.000820675,0.000820675
45,274.237,0.28219,0.21905,0.8144,0.99932,1,0.995,0.98749,0.18017,0.14905,0.76064,0.000806528,0.000806528,0.000806528
46,280.722,0.28642,0.22058,0.81328,0.99929,1,0.995,0.98978,0.18232,0.14875,0.75925,0.00079238,0.00079238,0.00079238
47,286.614,0.29244,0.22201,0.81416,0.99934,1,0.995,0.98902,0.18468,0.15146,0.76031,0.000778233,0.000778233,0.000778233
48,292.33,0.28749,0.22121,0.81349,0.99953,1,0.995,0.98806,0.18851,0.15258,0.76148,0.000764086,0.000764086,0.000764086
49,298.518,0.28299,0.21861,0.80918,0.99939,1,0.995,0.99066,0.18137,0.15617,0.75985,0.000749939,0.000749939,0.000749939
50,305.058,0.28526,0.21854,0.8099,0.99933,1,0.995,0.98882,0.18828,0.15371,0.75901,0.000735792,0.000735792,0.000735792
51,311.313,0.2774,0.21479,0.81343,0.99942,1,0.995,0.99029,0.17501,0.14677,0.76067,0.000721645,0.000721645,0.000721645
52,317.239,0.27586,0.21341,0.80929,0.99931,1,0.995,0.99246,0.17321,0.14577,0.75861,0.000707498,0.000707498,0.000707498
53,323.334,0.28104,0.21793,0.81209,0.9993,1,0.995,0.99033,0.17617,0.14799,0.75917,0.000693351,0.000693351,0.000693351
54,329.04,0.27958,0.21465,0.81198,0.99926,1,0.995,0.9928,0.17859,0.14631,0.75867,0.000679204,0.000679204,0.000679204
55,335.383,0.27483,0.21292,0.8133,0.99922,1,0.995,0.99104,0.17399,0.14526,0.75833,0.000665057,0.000665057,0.000665057
56,341.963,0.27079,0.20983,0.80868,0.99927,1,0.995,0.99109,0.17588,0.14628,0.75836,0.000650909,0.000650909,0.000650909
57,348.259,0.26947,0.20603,0.80849,0.99932,1,0.995,0.99216,0.17597,0.1405,0.75828,0.000636762,0.000636762,0.000636762
58,354.828,0.26928,0.20558,0.8116,0.99941,1,0.995,0.99054,0.18214,0.14755,0.75891,0.000622615,0.000622615,0.000622615
59,361.146,0.27458,0.20761,0.80865,0.99932,1,0.995,0.98961,0.17793,0.14637,0.761,0.000608468,0.000608468,0.000608468
60,367.611,0.27015,0.20648,0.80874,0.99934,1,0.995,0.98982,0.16686,0.13664,0.75747,0.000594321,0.000594321,0.000594321
61,374.272,0.26711,0.204,0.81091,0.99926,1,0.995,0.99219,0.16742,0.13922,0.75775,0.000580174,0.000580174,0.000580174
62,380.362,0.26557,0.20295,0.80858,0.99936,1,0.995,0.99218,0.16805,0.13687,0.75839,0.000566027,0.000566027,0.000566027
63,386.127,0.26655,0.20385,0.80928,0.99926,1,0.995,0.99337,0.17254,0.13919,0.75901,0.00055188,0.00055188,0.00055188
64,391.888,0.26221,0.19991,0.80842,0.9996,1,0.995,0.99387,0.16232,0.13391,0.75731,0.000537733,0.000537733,0.000537733
65,397.622,0.26545,0.19915,0.81004,0.9993,1,0.995,0.99033,0.16655,0.13206,0.75761,0.000523586,0.000523586,0.000523586
66,403.38,0.26671,0.20009,0.81354,0.99927,1,0.995,0.98957,0.1683,0.13402,0.75827,0.000509438,0.000509438,0.000509438
67,409.125,0.26104,0.19633,0.80794,0.99931,1,0.995,0.99083,0.1675,0.1334,0.75703,0.000495291,0.000495291,0.000495291
68,414.894,0.25941,0.19792,0.80404,0.99938,1,0.995,0.99228,0.17071,0.13128,0.75825,0.000481144,0.000481144,0.000481144
69,420.77,0.26176,0.19935,0.81219,0.99932,1,0.995,0.99108,0.16134,0.12906,0.75712,0.000466997,0.000466997,0.000466997
70,426.908,0.25416,0.19137,0.80416,0.9993,1,0.995,0.99266,0.16279,0.12738,0.7576,0.00045285,0.00045285,0.00045285
71,432.795,0.25523,0.19175,0.80831,0.99953,1,0.995,0.99196,0.16407,0.13383,0.75828,0.000438703,0.000438703,0.000438703
72,439.182,0.2474,0.18812,0.80389,0.99933,1,0.995,0.99251,0.16138,0.13007,0.75715,0.000424556,0.000424556,0.000424556
73,445.438,0.24614,0.18678,0.80354,0.99935,1,0.995,0.99304,0.15783,0.12416,0.75769,0.000410409,0.000410409,0.000410409
74,451.766,0.24735,0.18776,0.80962,0.99938,1,0.995,0.9929,0.15801,0.12849,0.75697,0.000396262,0.000396262,0.000396262
75,458.745,0.249,0.18553,0.80471,0.99932,1,0.995,0.99317,0.16409,0.12925,0.75782,0.000382115,0.000382115,0.000382115
76,465.874,0.24368,0.18597,0.80082,0.99929,1,0.995,0.99383,0.15591,0.12521,0.75616,0.000367967,0.000367967,0.000367967
77,472.783,0.23614,0.18191,0.80267,0.9993,1,0.995,0.99375,0.15689,0.12458,0.75631,0.00035382,0.00035382,0.00035382
78,479.095,0.23748,0.18011,0.80236,0.99928,1,0.995,0.9931,0.15236,0.1212,0.75657,0.000339673,0.000339673,0.000339673
79,485.045,0.24277,0.17965,0.80079,0.99932,1,0.995,0.9918,0.156,0.12145,0.75646,0.000325526,0.000325526,0.000325526
80,490.879,0.23824,0.17879,0.80225,0.99936,1,0.995,0.99255,0.15336,0.12038,0.75611,0.000311379,0.000311379,0.000311379
81,497.028,0.23584,0.17735,0.80553,0.99937,1,0.995,0.99287,0.1518,0.12188,0.75634,0.000297232,0.000297232,0.000297232
82,502.788,0.23777,0.1806,0.80766,0.99941,1,0.995,0.99422,0.14999,0.11828,0.75612,0.000283085,0.000283085,0.000283085
83,509.196,0.23727,0.17917,0.80541,0.99938,1,0.995,0.99215,0.14857,0.11977,0.75605,0.000268938,0.000268938,0.000268938
84,515.059,0.22944,0.17244,0.80304,0.99935,1,0.995,0.99356,0.14843,0.11642,0.75656,0.000254791,0.000254791,0.000254791
85,521.177,0.23467,0.17739,0.80103,0.99931,1,0.995,0.99353,0.14735,0.11813,0.75582,0.000240644,0.000240644,0.000240644
86,526.962,0.22992,0.1743,0.79954,0.99936,1,0.995,0.99229,0.15221,0.11829,0.75537,0.000226497,0.000226497,0.000226497
87,533.201,0.23189,0.17283,0.80346,0.99938,1,0.995,0.9927,0.14327,0.11717,0.75565,0.000212349,0.000212349,0.000212349
88,540.27,0.22443,0.16917,0.80052,0.99933,1,0.995,0.99333,0.14921,0.11628,0.75606,0.000198202,0.000198202,0.000198202
89,547.017,0.22763,0.16892,0.80429,0.99931,1,0.995,0.99188,0.14534,0.11393,0.7558,0.000184055,0.000184055,0.000184055
90,552.899,0.22664,0.16918,0.80652,0.99933,1,0.995,0.99333,0.15049,0.11554,0.75587,0.000169908,0.000169908,0.000169908
91,559.931,0.17723,0.13414,0.76678,0.99933,1,0.995,0.99297,0.15066,0.11843,0.75595,0.000155761,0.000155761,0.000155761
92,566.546,0.1743,0.13212,0.76611,0.99935,1,0.995,0.99249,0.14829,0.11347,0.75545,0.000141614,0.000141614,0.000141614
93,573.137,0.17036,0.12905,0.76083,0.99933,1,0.995,0.99219,0.14496,0.11234,0.75511,0.000127467,0.000127467,0.000127467
94,579.31,0.16644,0.12702,0.77346,0.99936,1,0.995,0.99316,0.1455,0.11469,0.75526,0.00011332,0.00011332,0.00011332
95,585.117,0.16574,0.12506,0.76893,0.99959,1,0.995,0.99427,0.14945,0.11212,0.75545,9.91726e-05,9.91726e-05,9.91726e-05
96,591.141,0.16678,0.1238,0.76171,0.99936,1,0.995,0.99348,0.14439,0.10836,0.75515,8.50255e-05,8.50255e-05,8.50255e-05
97,598.13,0.16401,0.12274,0.76157,0.99936,1,0.995,0.99378,0.14384,0.10755,0.75497,7.08784e-05,7.08784e-05,7.08784e-05
98,604.557,0.16312,0.11939,0.76753,0.99937,1,0.995,0.99329,0.14036,0.10442,0.75488,5.67313e-05,5.67313e-05,5.67313e-05
99,610.602,0.16144,0.11897,0.76195,0.99936,1,0.995,0.99257,0.14058,0.10648,0.75478,4.25842e-05,4.25842e-05,4.25842e-05
100,616.822,0.15798,0.1167,0.77146,0.99935,1,0.995,0.99362,0.141,0.10242,0.7553,2.84371e-05,2.84371e-05,2.84371e-05
